,0,1,2,3,4,5,6,7,8,9
0,"La Sale, Antoine de, 1385?-1461?"," Knoellinger, Hermann, 1883-1914"," Derz, Friedrich (1913-)"," 89608 : Müller, C. F. W. (Carl Friedrich Wilhelm), 1830-1903",,,,,,
1,"89608 : Müller, C. F. W. (Carl Friedrich Wilhelm), 1830-1903",,,,,,,,,
2,"Wesenberg, Albert Sadolin, 1804-1876"," 89575 : Klotz, Reinhold, 1807-1870",,,,,,,,
3,"89608 : Müller, C. F. W. (Carl Friedrich Wilhelm), 1830-1903",,,,,,,,,
4,"89575 : Klotz, Reinhold, 1807-1870",,,,,,,,,
5,"Monet, Pascal",,,,,,,,,
6,"89608 : Müller, C. F. W. (Carl Friedrich Wilhelm), 1830-1903",,,,,,,,,
7,"89608 : Müller, C. F. W. (Carl Friedrich Wilhelm), 1830-1903",,,,,,,,,
8,"84053 : Dietsch, Heinrich Rudolf, 1814-1875"," 89575 : Klotz, Reinhold, 1807-1870",,,,,,,,
9,"89575 : Klotz, Reinhold, 1807-1870"," 84053 : Dietsch, Heinrich Rudolf, 1814-1875",,,,,,,,
10,"Knoellinger, Hermann, 1883-1914",,,,,,,,,
11,"89608 : Müller, C. F. W. (Carl Friedrich Wilhelm), 1830-1903",,,,,,,,,
12,"89608 : Müller, C. F. W. (Carl Friedrich Wilhelm), 1830-1903",,,,,,,,,
13,"89575 : Klotz, Reinhold, 1807-1870",,,,,,,,,
14,"89608 : Müller, C. F. W. (Carl Friedrich Wilhelm), 1830-1903",,,,,,,,,
15,"89608 : Müller, C. F. W. (Carl Friedrich Wilhelm), 1830-1903",,,,,,,,,
16,"89608 : Müller, C. F. W. (Carl Friedrich Wilhelm), 1830-1903",,,,,,,,,
17,"89608 : Müller, C. F. W. (Carl Friedrich Wilhelm), 1830-1903",,,,,,,,,
18,"Schiche, Theodor",,,,,,,,,
19,"89608 : Müller, C. F. W. (Carl Friedrich Wilhelm), 1830-1903",,,,,,,,,
20,"89608 : Müller, C. F. W. (Carl Friedrich Wilhelm), 1830-1903",,,,,,,,,
21,"Inama, Vigilio, 1835-1912"," Romarino, Felice",,,,,,,,
22,"Meissner, Carl, 1830-1900",,,,,,,,,
23,"89608 : Müller, C. F. W. (Carl Friedrich Wilhelm), 1830-1903",,,,,,,,,
24,"Klotz, Alfred, 1874-1956",,,,,,,,,
25,"89684 : Merkel, Rudolf, 1811-1885"," 91728 : Ehwald, Rudolf, 1847-1927",,,,,,,,
26,"84127 : Müller, Lucian, 1836-1898",,,,,,,,,
27,"84186 : Vollmer, Friedrich, 1867-1923",,,,,,,,,
28,"89575 : Klotz, Reinhold, 1807-1870"," La Sale, Antoine de, 1385?-1461?"," Knoellinger, Hermann, 1883-1914"," 89608 : Müller, C. F. W. (Carl Friedrich Wilhelm), 1830-1903",,,,,,
29,"89459 : Gercke, Alfred, 1860-1922"," 89460 : Hermes, Emil, 1847-1911"," 89461 : Haase, Friedrich, 1808-1867"," 89695 : Heuse, Otto, 1902-"," 84097 : Hosius, Carl, 1866-1937",,,,,
30,"89460 : Hermes, Emil, 1847-1911",,,,,,,,,
31,"84104 : Kübler, Bernhard, 1859-1940"," 89616 : Seckel, Emil, 1864-1924",,,,,,,,
32,"89603 : Huschke, Ph. Eduard (Philipp Eduard), 1801-1886"," 84104 : Kübler, Bernhard, 1859-1940"," 89616 : Seckel, Emil, 1864-1924",,,,,,,
33,"89571 : Fleckeisen, Alfred, 1820-1899",,,,,,,,,
34,"84127 : Müller, Lucian, 1836-1898",,,,,,,,,
35,"84121 : Mayhoff, Karl, 1841-1914"," 84101 : Jan, Ludwig von 1807-1869",,,,,,,,
36,"89685 : Nauck, C. W. (Carl Wilhelm), 1813-",,,,,,,,,
37,"84089 : Goetz, Georg, 1849-1932"," 84108 : Keil, Heinrich, 1822-1894",,,,,,,,
38,"84108 : Keil, Heinrich, 1822-1894",,,,,,,,,
39,"84108 : Keil, Heinrich, 1822-1894",,,,,,,,,
40,"84108 : Keil, Heinrich, 1822-1894",,,,,,,,,
41,"Krumbiegel, Richard, 1867-"," 84108 : Keil, Heinrich, 1822-1894",,,,,,,,
42,"84108 : Keil, Heinrich, 1822-1894",,,,,,,,,
43,"Boenig, Hermann",,,,,,,,,
44,"84045 : Baehrens, Emil, 1848-1888",,,,,,,,,
45,"84045 : Baehrens, Emil, 1848-1888",,,,,,,,,
46,"Waltzing, Jean-Pierre, 1857-1929",,,,,,,,,
47,"91719 : Gutschmid, Alfred von, 1831-1887"," 84143 : Rühl, Franz, 1845-1916",,,,,,,,
48,"89560 : Halm, Karl, 1809-1882",,,,,,,,,
49,"89691 : Bonnell, Eduard, 1802-1877",,,,,,,,,
50,"89691 : Bonnell, Eduard, 1802-1877",,,,,,,,,
51,"89691 : Bonnell, Eduard, 1802-1877",,,,,,,,,
52,"Röhl, Hermann, 1851-1923"," 89691 : Bonnell, Eduard, 1802-1877",,,,,,,,
53,"Ritter, Constantin, 1859-1936",,,,,,,,,
54,"Radermacher, Ludwig, 1867-1952",,,,,,,,,
55,"Radermacher, Ludwig, 1867-1952",,,,,,,,,
56,"Frey, Joseph, 1834-1910",,,,,,,,,
57,"84097 : Hosius, Carl, 1866-1937",,,,,,,,,
58,"84097 : Hosius, Carl, 1866-1937",,,,,,,,,
59,"45498 : Vallauri, Tommaso",,,,,,,,,
60,"84185: Vliet, Joannes van der, 1847-1902",,,,,,,,,
61,nan,,,,,,,,,
62,"Deuerling, Andreas, 1838-1906",,,,,,,,,
63,"84091 : Helm, Rudolf Wilhelm Oskar, 1872-1966",,,,,,,,,
64,"84185 : Vliet, Joannes van der, 1847-1902",,,,,,,,,
65,"84185: Vliet, Joannes van der, 1847-1902",,,,,,,,,
66,"89560 : Halm, Karl, 1809-1882",,,,,,,,,
67,"89560 : Halm, Karl, 1809-1882",,,,,,,,,
68,"89560 : Halm, Karl, 1809-1882",,,,,,,,,
69,"89560 : Halm, Karl, 1809-1882",,,,,,,,,
70,"Andresen, Georg, 1845-1929"," 89560 : Halm, Karl, 1809-1882",,,,,,,,
71,"84127 : Müller, Lucian, 1836-1898",,,,,,,,,
72,"84127 : Müller, Lucian, 1836-1898",,,,,,,,,
73,"84053 : Dietsch, Heinrich Rudolf, 1814-1875",,,,,,,,,
74,"89690 : Gemoll, Wilhelm, 1850-1934",,,,,,,,,
75,"89701 : Wunsch, Richard, 1869-1911",,,,,,,,,
76,nan,,,,,,,,,
77,"89530 : Jahnke, Richard, 1868-1933",,,,,,,,,
78,"89460 : Hermes, Emil, 1847-1911",,,,,,,,,
79,"89698 : Richter, Gustav, 1838-1904"," 84134 : Peiper, Rudolf, 1834-1898",,,,,,,,
80,"89698 : Richter, Gustav, 1838-1904"," 84134 : Peiper, Rudolf, 1834-1898",,,,,,,,
81,"89698 : Richter, Gustav, 1838-1904"," 84134 : Peiper, Rudolf, 1834-1898",,,,,,,,
82,"89460 : Hermes, Emil, 1847-1911"," 84097 : Hosius, Carl, 1866-1937",,,,,,,,
83,"89459 : Gercke, Alfred, 1860-1922"," 89460 : Hermes, Emil, 1847-1911"," 89461 : Haase, Friedrich, 1808-1867"," 89695 : Heuse, Otto, 1902-"," 84097 : Hosius, Carl, 1866-1937",,,,,
84,"89461 : Haase, Friedrich, 1808-1867",,,,,,,,,
85,"89459 : Gercke, Alfred, 1860-1922"," 89460 : Hermes, Emil, 1847-1911"," 89461 : Haase, Friedrich, 1808-1867"," 84092 : Hense, Otto, 1845-1931"," 84097 : Hosius, Carl, 1866-1937",,,,,
86,"89461 : Haase, Friedrich, 1808-1867",,,,,,,,,
87,"89461 : Haase, Friedrich, 1808-1867",,,,,,,,,
88,"89459 : Gercke, Alfred, 1860-1922"," 89460 : Hermes, Emil, 1847-1911"," 89461 : Haase, Friedrich, 1808-1867"," 84092 : Hense, Otto, 1845-1931"," 84097 : Hosius, Carl, 1866-1937",,,,,
89,"89699 : Rossbach, Otto, 1858-1931",,,,,,,,,
90,"89603 : Huschke, Ph. Eduard (Philipp Eduard), 1801-1886",,,,,,,,,
91,"89461 : Haase, Friedrich, 1808-1867",,,,,,,,,
92,"89438 : Garrod, H. W. (Heathcote William), 1878-1960"," 89459 : Gercke, Alfred, 1860-1922",,,,,,,,
93,"89459 : Gercke, Alfred, 1860-1922"," 89460 : Hermes, Emil, 1847-1911"," 89461 : Haase, Friedrich, 1808-1867"," 84092 : Hense, Otto, 1845-1931"," 84097 : Hosius, Carl, 1866-1937",,,,,
94,"89603 : Huschke, Ph. Eduard (Philipp Eduard), 1801-1886",,,,,,,,,
95,"89694 : Gundermann, Gotthold, 1856-1921",,,,,,,,,
96,"89560 : Halm, Karl, 1809-1882",,,,,,,,,
97,"84104 : Kübler, Bernhard, 1859-1940"," 89616 : Seckel, Emil, 1864-1924",,,,,,,,
98,"89692 : Bremer, F. P. (Franz Peter), 1832-",,,,,,,,,
99,"Sittl, Karl, 1862-1899",,,,,,,,,
100,"84138 : Ritschl, Friedrich Wilhelm, 1806-1876",,,,,,,,,
101,nan,,,,,,,,,
102,"89536 : Ludwig, Ernst, 1845-1912",,,,,,,,,
103,"89536 : Ludwig, Ernst, 1845-1912",,,,,,,,,
104,"89536 : Ludwig, Ernst, 1845-1912",,,,,,,,,
105,"Meyer, Wilhelm, 1845-1917.",,,,,,,,,
106,nan,,,,,,,,,
107,"84054 : Dinter, Bernard",,,,,,,,,
108,"84054 : Dinter, Bernard",,,,,,,,,
109,"84190 : Wölfflin, Eduard von, 1831-1908"," 84104 : Kübler, Bernhard, 1859-1940",,,,,,,,
110,"84190: Wölfflin, Eduard von, 1831-1908"," 84104 : Kübler, Bernhard, 1859-1940",,,,,,,,
111,nan,,,,,,,,,
112,nan,,,,,,,,,
113,nan,,,,,,,,,
114,"84104 : Kübler, Bernhard, 1859-1940",,,,,,,,,
115,"89535 : Lebreton, Maria Magdalena"," 89537 : Maier, Anneliese, 1905-1971"," 89540 : Ruysschaert, José"," 89534 : Laurent, M.-H. (Marie-Hyacinthe), 1906-1968"," 89525 : Borino, Giovanni Battista"," 89539 : Pelzer, Auguste, 1876-1958"," 89526 : Carusi, Enrico, 1878-1945"," 89538 : Nogara, Bartolomeo, 1868-1954"," 89572 : Franchi de' Cavalieri, Pius, 1869-1960"," 89542 : Vattasso, Marco, 1869-1925"
116,"89473 : Vigna, Raimondo Amedeo",,,,,,,,,
117,"89588 : Ziegler, Hermann Rudolf, 1851-",,,,,,,,,
118,nan,,,,,,,,,
119,"84127 : Müller, Lucian, 1836-1898",,,,,,,,,
120,"89548 : Boer, Ae."," 89549 : Boll, Franz, 1867-1924"," 84090 : Heiberg, J. L. (Johan Ludvig), 1854-1928",,,,,,,
121,"89531 : Koch, Julius, 1866-",,,,,,,,,
122,"89531 : Koch, Julius, 1866-",,,,,,,,,
123,"84093 : Hercher, Rudolf, 1821-1878",,,,,,,,,
124,"84093 : Hercher, Rudolf, 1821-1878",,,,,,,,,
125,"84093 : Hercher, Rudolf, 1821-1878",,,,,,,,,
126,"89543 : Vessereau, Jules, 1863-",,,,,,,,,
127,"89533 : Landgraf, Gustav, 1857-1932"," 89529 : Gronovius, Jacobus, 1645-1716",,,,,,,,
128,nan,,,,,,,,,
129,"89532 : La Ville de Mirmont, H. de (Henri), 1858-1924",,,,,,,,,
130,"89524 : Boor, Carl de 1848-1923",,,,,,,,,
131,"91731 : Frick, Karl, 1848-",,,,,,,,,
132,"84045 : Baehrens, Emil, 1848-1888",,,,,,,,,
133,"84127 : Müller, Lucian, 1836-1898",,,,,,,,,
134,nan,,,,,,,,,
135,nan,,,,,,,,,
136,"84127 : Müller, Lucian, 1836-1898",,,,,,,,,
137,"84127 : Müller, Lucian, 1836-1898",,,,,,,,,
138,"84133 : Plasberg, Otto, 1869-1924"," 89541 : Simbeck, Karl, 1882-1944",,,,,,,,
139,"84059 : Eussner, Adam, 1844-",,,,,,,,,
140,"84127 : Müller, Lucian, 1836-1898",,,,,,,,,
141,"89552 : Drosihn, Friedrich, -1871",,,,,,,,,
142,"89602 : Hultsch, Fridericus (Friedrich Otto), 1833-1906",,,,,,,,,
143,"89564 : Morawski, Kazimierz, 1852-1925",,,,,,,,,
144,"91731 : Frick, Karl, 1848-",,,,,,,,,
145,nan,,,,,,,,,
146,"84059 : Eussner, Adam, 1844-",,,,,,,,,
147,"89579 : Olivieri, Alexander, 1872-1950",,,,,,,,,
148,"89589 : Ziegler, Konrat, 1884-1974"," 89701 : Wunsch, Richard, 1869-1911"," Türk, Gustav"," 89582 : Skutsch, Franz, 1865-1912"," 89573 : Hilka, Alfons, 1877-1939",,,,,
149,nan,,,,,,,,,
150,nan,,,,,,,,,
151,"84140 : Rose, Valentin, 1829-1916",,,,,,,,,
152,nan,,,,,,,,,
153,nan,,,,,,,,,
154,nan,,,,,,,,,
155,"89551 : Dombart, Bernhard, 1832-1907",,,,,,,,,
156,"84127 : Müller, Lucian, 1836-1898",,,,,,,,,
157,"89531 : Koch, Julius, 1866-",,,,,,,,,
158,"84127 : Müller, Lucian, 1836-1898",,,,,,,,,
159,nan,,,,,,,,,
160,"84186 : Vollmer, Friedrich, 1867-1923",,,,,,,,,
161,"84127 : Müller, Lucian, 1836-1898",,,,,,,,,
162,nan,,,,,,,,,
163,"84178 : Schroeder, Otto, 1851-1937",,,,,,,,,
164,"84178 : Schroeder, Otto, 1851-1937",,,,,,,,,
165,"84116 : Lehnert, Georg, 1871-",,,,,,,,,
166,nan,,,,,,,,,
167,"89580 : Preisendanz, Karl, 1883-1968"," 84140 : Rose, Valentin, 1829-1916",,,,,,,,
168,"84048 : Blass, Friedrich, 1843-1907",,,,,,,,,
169,"84050 : Christ, Wilhelm von, 1831-1906",,,,,,,,,
170,nan,,,,,,,,,
171,"89558 : Ofenloch, Ernest, 1884-",,,,,,,,,
172,"89546 : Beck, J. W. (Jan Wibertus)",,,,,,,,,
173,"84120 : Marold, Karl",,,,,,,,,
174,"89560 : Halm, Karl, 1809-1882",,,,,,,,,
175,"89560 : Halm, Karl, 1809-1882",,,,,,,,,
176,"89554 : Thilo, Georg, 1831-1893",,,,,,,,,
177,"89554 : Thilo, Georg, 1831-1893",,,,,,,,,
178,"84138 : Ritschl, Friedrich Wilhelm, 1806-1876"," 84136 : Reifferscheid, August, 1835-1887",,,,,,,,
179,"84099 : Ihm, Max, 1863-1909",,,,,,,,,
180,"84099 : Ihm, Max, 1863-1909",,,,,,,,,
181,"84185: Vliet, Joannes van der, 1847-1902",,,,,,,,,
182,"84049 : Buecheler, Franz, 1837-1908"," 84137 : Riese, Alexander, 1840-1922",,,,,,,,
183,"84091 : Helm, Rudolf Wilhelm Oskar, 1872-1966",,,,,,,,,
184,"84093 : Hercher, Rudolf, 1821-1878",,,,,,,,,
185,"89557 : Peerlkamp, Petrus Hofman, 1786-1865"," 89561 : Hamaker, H. A. (Hendrik Arent), 1789-1835"," 89553 : Geel, Jacob, 1789-1862"," 89545 : Bake, John, 1787-1864",,,,,,
186,"84142 : Roth, Karl Ludwig, 1790-1868",,,,,,,,,
187,"84142 : Roth, Karl Ludwig, 1790-1868",,,,,,,,,
188,nan,,,,,,,,,
189,"84142 : Roth, Karl Ludwig, 1790-1868",,,,,,,,,
190,"84142 : Roth, Karl Ludwig, 1790-1868",,,,,,,,,
191,"84142 : Roth, Karl Ludwig, 1790-1868",,,,,,,,,
192,nan,,,,,,,,,
193,"84142 : Roth, Karl Ludwig, 1790-1868",,,,,,,,,
194,"84138: Ritschl, Friedrich Wilhelm, 1806-1876"," 84136: Reifferscheid, August, 1835-1887",,,,,,,,
195,nan,,,,,,,,,
196,nan,,,,,,,,,
197,"84138 : Ritschl, Friedrich Wilhelm, 1806-1876"," 84136: Reifferscheid, August, 1835-1887",,,,,,,,
198,nan,,,,,,,,,
199,"89563 : Mohr, Paul",,,,,,,,,
200,nan,,,,,,,,,
201,"Zangemeister, Karl Friedrich Wilhelm, 1837-1902",,,,,,,,,
202,nan,,,,,,,,,
203,"Jahn, Johann Christian",,,,,,,,,
204,"84127 : Müller, Lucian, 1836-1898",,,,,,,,,
205,"Güthling, Otto, 1853-1931",,,,,,,,,
206,"91713 : Ribbeck, Otto, 1827-1898",,,,,,,,,
207,"84127 : Müller, Lucian, 1836-1898",,,,,,,,,
208,"Janell, Walther, 1877-1932"," 91713 : Ribbeck, Otto, 1827-1898",,,,,,,,
209,"91713 : Ribbeck, Otto, 1827-1898",,,,,,,,,
210,"Zangemeister, Karl Friedrich Wilhelm, 1837-1902",,,,,,,,,
211,"84090 : Heiberg, J. L. (Johan Ludvig), 1854-1928",,,,,,,,,
212,"91549 : Schenkl, Karl, 1827-1900"," Benndorf, Otto, 1838-1907",,,,,,,,
213,"89679 : Fickelscherer, Martin",,,,,,,,,
214,"84174 : Schmitt, Johann Christoph",,,,,,,,,
215,"84127 : Müller, Lucian, 1836-1898",,,,,,,,,
216,"Zangemeister, Karl Friedrich Wilhelm, 1837-1902",,,,,,,,,
217,"Güthling, Otto, 1853-1931",,,,,,,,,
218,"91713 : Ribbeck, Otto, 1827-1898",,,,,,,,,
219,"91713 : Ribbeck, Otto, 1827-1898",,,,,,,,,
220,"84127 : Müller, Lucian, 1836-1898",,,,,,,,,
221,"Güthling, Otto, 1853-1931",,,,,,,,,
222,"84127 : Müller, Lucian, 1836-1898",,,,,,,,,
223,"91713 : Ribbeck, Otto, 1827-1898",,,,,,,,,
224,"84099 : Ihm, Max, 1863-1909",,,,,,,,,
225,"91713 : Ribbeck, Otto, 1827-1898",,,,,,,,,
226,"89684: Merkel, Rudolf, 1811-1885",,,,,,,,,
227,"89684: Merkel, Rudolf, 1811-1885",,,,,,,,,
228,nan,,,,,,,,,
229,"Kuun, Géza, 1838-1905",,,,,,,,,
230,"Kuun, Géza, 1838-1905",,,,,,,,,
231,"89461 : Haase, Friedrich, 1808-1867",,,,,,,,,
232,"Dietrich, Waldemar, 1882-",,,,,,,,,
233,"Dietrich, Waldemar, 1882-",,,,,,,,,
234,"Mueller, Otto, 1833-",,,,,,,,,
235,"84050 : Christ, Wilhelm von, 1831-1906",,,,,,,,,
236,"Benoist, Eugène, 1831-1887",,,,,,,,,
237,"Benoist, Eugène, 1831-1887",,,,,,,,,
238,"84097 : Hosius, Carl, 1866-1937",,,,,,,,,
239,"91728 : Ehwald, Rudolf, 1847-1927"," 89684 : Merkel, Rudolf, 1811-1885",,,,,,,,
240,"89571 : Fleckeisen, Alfred, 1820-1899",,,,,,,,,
241,"89571 : Fleckeisen, Alfred, 1820-1899",,,,,,,,,
242,"Klotz, Alfred, 1874-1956",,,,,,,,,
243,"89571 : Fleckeisen, Alfred, 1820-1899",,,,,,,,,
244,"89571 : Fleckeisen, Alfred, 1820-1899",,,,,,,,,
245,"89571 : Fleckeisen, Alfred, 1820-1899",,,,,,,,,
246,"89571 : Fleckeisen, Alfred, 1820-1899",,,,,,,,,
247,"Klotz, Alfred, 1874-1956",,,,,,,,,
248,"89684 : Merkel, Rudolf, 1811-1885"," 91728 : Ehwald, Rudolf, 1847-1927",,,,,,,,
249,"91728 : Ehwald, Rudolf, 1847-1927"," 89684 : Merkel, Rudolf, 1811-1885",,,,,,,,
250,"Kohlmann, Philipp, 1842-1889",,,,,,,,,
251,"89571 : Fleckeisen, Alfred, 1820-1899",,,,,,,,,
252,"91728 : Ehwald, Rudolf, 1847-1927"," 89684 : Merkel, Rudolf, 1811-1885",,,,,,,,
253,"84117 : Lommatzsch, Ernst, 1871-1949",,,,,,,,,
254,"89571 : Fleckeisen, Alfred, 1820-1899",,,,,,,,,
255,"91728 : Ehwald, Rudolf, 1847-1927"," 89684 : Merkel, Rudolf, 1811-1885",,,,,,,,
256,"89684 : Merkel, Rudolf, 1811-1885",,,,,,,,,
257,"91728 : Ehwald, Rudolf, 1847-1927"," 89684: Merkel, Rudolf, 1811-1885",,,,,,,,
258,"91728 : Ehwald, Rudolf, 1847-1927"," 89684 : Merkel, Rudolf, 1811-1885",,,,,,,,
259,"Klotz, Alfred, 1874-1956",,,,,,,,,
260,"Kohlmann, Philipp, 1842-1889"," 84045 : Baehrens, Emil, 1848-1888",,,,,,,,
261,"89571 : Fleckeisen, Alfred, 1820-1899",,,,,,,,,
262,"Schenkl, Heinrich, 1859-1919"," Reisch, Emil, 1863-1933"," 91549 : Schenkl, Karl, 1827-1900",,,,,,,
263,"89530 : Jahnke, Richard, 1868-1933"," Kohlmann, Philipp, 1842-1889"," 84045 : Baehrens, Emil, 1848-1888",,,,,,,
264,"89571 : Fleckeisen, Alfred, 1820-1899",,,,,,,,,
265,"91728 : Ehwald, Rudolf, 1847-1927"," 89684 : Merkel, Rudolf, 1811-1885",,,,,,,,
266,"89571 : Fleckeisen, Alfred, 1820-1899",,,,,,,,,
267,nan,,,,,,,,,
268,nan,,,,,,,,,
269,nan,,,,,,,,,
270,nan,,,,,,,,,
271,"84127 : Müller, Lucian, 1836-1898",,,,,,,,,
272,"84174 : Schmitt, Johann Christoph",,,,,,,,,
273,"84177 : Schöne, Richard, 1840-1922",,,,,,,,,
274,"84098 : Hug, Arnold, 1832-1895",,,,,,,,,
275,"84189 : Wessner, Paul, 1870-1933",,,,,,,,,
276,"84189 : Wessner, Paul, 1870-1933",,,,,,,,,
277,nan,,,,,,,,,
278,nan,,,,,,,,,
279,"84133 : Plasberg, Otto, 1869-1924",,,,,,,,,
280,"89575 : Klotz, Reinhold, 1807-1870",,,,,,,,,
281,"84128 : Müller, Moritz, 1854-"," 84187 : Weissenborn, Wilhelm, 1803-1878",,,,,,,,
282,"84128 : Müller, Moritz, 1854-"," 84187 : Weissenborn, Wilhelm, 1803-1878",,,,,,,,
283,"84061 : Friedersdorff, F. (Franz), 1846-1911?"," 84126 : Müller, H. J."," 84118 : Luterbacher, Franz, 1850-1924"," 84190 : Wölfflin, Eduard von, 1831-1908"," 84128 : Müller, Moritz, 1854-",,,,,
284,"84094 : Hermann, Karl Friedrich, 1804-1855",,,,,,,,,
285,"84094 : Hermann, Karl Friedrich, 1804-1855",,,,,,,,,
286,"84094 : Hermann, Karl Friedrich, 1804-1855",,,,,,,,,
287,"84095 : Hertz, Martin",,,,,,,,,
288,"84097 : Hosius, Carl, 1866-1937"," 84095 : Hertz, Martin",,,,,,,,
289,nan,,,,,,,,,
290,"89575 : Klotz, Reinhold, 1807-1870",,,,,,,,,
291,"Hertlein, Friedrich Karl Gottlob, 1803-1880",,,,,,,,,
292,"91713 : Ribbeck, Otto, 1827-1898",,,,,,,,,
293,"Güthling, Otto, 1853-1931",,,,,,,,,
294,nan,,,,,,,,,
295,"84099 : Ihm, Max, 1863-1909",,,,,,,,,
296,nan,,,,,,,,,
297,nan,,,,,,,,,
298,nan,,,,,,,,,
299,"89530 : Jahnke, Richard, 1868-1933"," Kohlmann, Philipp, 1842-1889"," Klotz, Alfred, 1874-1956"," 84045 : Baehrens, Emil, 1848-1888",,,,,,
300,nan,,,,,,,,,
301,nan,,,,,,,,,
302,nan,,,,,,,,,
303,nan,,,,,,,,,
304,nan,,,,,,,,,
305,nan,,,,,,,,,
306,"89605 : Knöll, Pius",,,,,,,,,
307,"Schlee, Friedrich H., 1854-1913",,,,,,,,,
308,"84108 : Keil, Heinrich, 1822-1894",,,,,,,,,
309,"84116 : Lehnert, Georg, 1871-",,,,,,,,,
310,"89551 : Dombart, Bernhard, 1832-1907",,,,,,,,,
311,"91713 : Ribbeck, Otto, 1827-1898",,,,,,,,,
312,"89605 : Knöll, Pius",,,,,,,,,
313,"89551 : Dombart, Bernhard, 1832-1907",,,,,,,,,
314,"Rabe, Hugo",,,,,,,,,
315,"Helmreich, Georg, 1849-1921",,,,,,,,,
316,"Breysig, Alfred August Bernhard, 1831-1902",,,,,,,,,
317,"84094 : Hermann, Karl Friedrich, 1804-1855",,,,,,,,,
318,"91713 : Ribbeck, Otto, 1827-1898",,,,,,,,,
319,"Lüdtke, W. (Willy), 1875-"," Nissen, Theodor Karl Johannes, 1873-",,,,,,,,
320,"Helmreich, Georg, 1849-1921",,,,,,,,,
321,"Fox, Wilhelm, 1833-1925",,,,,,,,,
322,"Fox, Wilhelm, 1833-1925",,,,,,,,,
323,"84108 : Keil, Heinrich, 1822-1894",,,,,,,,,
324,"84092 : Hense, Otto, 1845-1931",,,,,,,,,
325,"Rabe, Hugo",,,,,,,,,
326,"Breysig, Alfred August Bernhard, 1831-1902",,,,,,,,,
327,"89551 : Dombart, Bernhard, 1832-1907",,,,,,,,,
328,"89551 : Dombart, Bernhard, 1832-1907",,,,,,,,,
329,"89608 : Müller, C. F. W. (Carl Friedrich Wilhelm), 1830-1903",,,,,,,,,
330,"Hildebrandt, Paul",,,,,,,,,
331,"89608 : Müller, C. F. W. (Carl Friedrich Wilhelm), 1830-1903"," Friedrich, Wilhelm",,,,,,,,
332,"84116 : Lehnert, Georg, 1871-",,,,,,,,,
333,"Hedicke, Edmund",,,,,,,,,
334,"Schmid, Theodor, 1798-1877"," Jahn, Johann Christian",,,,,,,,
335,"Hedicke, Edmund",,,,,,,,,
336,"84186 : Vollmer, Friedrich, 1867-1923",,,,,,,,,
337,"84127 : Müller, Lucian, 1836-1898",,,,,,,,,
338,"Jahn, Johann Christian",,,,,,,,,
339,"89601 : Holder, Alfred, 1840-1916"," Keller, Otto, 1838-1927",,,,,,,,
340,"89594 : Foss, Heinrich Eduard, 1805-1875",,,,,,,,,
341,"84127 : Müller, Lucian, 1836-1898",,,,,,,,,
342,"84141 : Rossbach, August, 1823-1898",,,,,,,,,
343,"84045 : Baehrens, Emil, 1848-1888",,,,,,,,,
344,"91731 : Frick, Karl, 1848-",,,,,,,,,
345,nan,,,,,,,,,
346,"84186 : Vollmer, Friedrich, 1867-1923",,,,,,,,,
347,"84045 : Baehrens, Emil, 1848-1888",,,,,,,,,
348,"Keller, Otto, 1838-1927",,,,,,,,,
349,"84127 : Müller, Lucian, 1836-1898",,,,,,,,,
350,"84127 : Müller, Lucian, 1836-1898",,,,,,,,,
351,"84127 : Müller, Lucian, 1836-1898",,,,,,,,,
352,"Vogel, Theodor, 1836-1912",,,,,,,,,
353,"84186 : Vollmer, Friedrich, 1867-1923",,,,,,,,,
354,"84142 : Roth, Karl Ludwig, 1790-1868",,,,,,,,,
355,"Flach, Hans",,,,,,,,,
356,"84190 : Wölfflin, Eduard von, 1831-1908",,,,,,,,,
357,"Schermann, Theodor, 1878-1922",,,,,,,,,
358,"Claussen, Johannes Diederich Detlef,1849-1929",,,,,,,,,
359,"Keller, Otto, 1838-1927"," 89601 : Holder, Alfred, 1840-1916",,,,,,,,
360,"Nauck, August, 1822-1892",,,,,,,,,
361,"84127 : Müller, Lucian, 1836-1898",,,,,,,,,
362,"Krüger, Gustav, 1837-1912",,,,,,,,,
363,"84127 : Müller, Lucian, 1836-1898",,,,,,,,,
364,"Hedicke, Edmund",,,,,,,,,
365,"84127 : Müller, Lucian, 1836-1898",,,,,,,,,
366,"84127 : Müller, Lucian, 1836-1898",,,,,,,,,
367,"Vogel, Theodor, 1836-1912",,,,,,,,,
368,"84141 : Rossbach, August, 1823-1898",,,,,,,,,
369,"Reisch, Emil, 1863-1933"," 91549 : Schenkl, Karl, 1827-1900",,,,,,,,
370,"84174 : Schmitt, Johann Christoph",,,,,,,,,
371,"89612 : Reichardt, Walther, 1869-",,,,,,,,,
372,"89575 : Klotz, Reinhold, 1807-1870",,,,,,,,,
373,nan,,,,,,,,,
374,nan,,,,,,,,,
375,"89608 : Müller, C. F. W. (Carl Friedrich Wilhelm), 1830-1903",,,,,,,,,
376,"84103 : Kiessling, Adolf, 1837-1892",,,,,,,,,
377,Heraeus W.," 84128 : Müller, Moritz, 1854-"," 84187 : Weissenborn, Wilhelm, 1803-1878",,,,,,,
378,nan,,,,,,,,,
379,nan,,,,,,,,,
380,"84086 : Friedlein, Gottfried, 1828-1875",,,,,,,,,
381,nan,,,,,,,,,
382,nan,,,,,,,,,
383,"89594 : Foss, Heinrich Eduard, 1805-1875",,,,,,,,,
384,"89594 : Foss, Heinrich Eduard, 1805-1875",,,,,,,,,
385,nan,,,,,,,,,
386,nan,,,,,,,,,
387,"89701 : Wunsch, Richard, 1869-1911",,,,,,,,,
388,nan,,,,,,,,,
389,"Schmidt, Wilhelm, 1862-1905",,,,,,,,,
390,"89592 : Daremberg, Charles, 1817-1872",,,,,,,,,
391,"89592 : Daremberg, Charles, 1817-1872",,,,,,,,,
392,"Schiche, Theodor",,,,,,,,,
393,nan,,,,,,,,,
394,"89589 : Ziegler, Konrat, 1884-1974",,,,,,,,,
395,"89608 : Müller, C. F. W. (Carl Friedrich Wilhelm), 1830-1903",,,,,,,,,
396,"84191 : Zachariä von Lingenthal, Karl Eduard, 1812-1894",,,,,,,,,
397,"89602 : Hultsch, Fridericus (Friedrich Otto), 1833-1906",,,,,,,,,
398,"84048 : Blass, Friedrich, 1843-1907"," Schubart, Wilhelm, 1873-1960"," 84052 : Diels, Hermann, 1848-1922",,,,,,,
399,"84048 : Blass, Friedrich, 1843-1907"," Schubart, Wilhelm, 1873-1960"," 84052 : Diels, Hermann, 1848-1922",,,,,,,
400,nan,,,,,,,,,
401,nan,,,,,,,,,
402,"89551 : Dombart, Bernhard, 1832-1907",,,,,,,,,
403,"91731 : Frick, Karl, 1848-",,,,,,,,,
404,"84053 : Dietsch, Heinrich Rudolf, 1814-1875",,,,,,,,,
405,"Ranke, Friedrich, 1882-1950",,,,,,,,,
406,nan,,,,,,,,,
407,nan,,,,,,,,,
408,nan,,,,,,,,,
409,"84089 : Goetz, Georg, 1849-1932",,,,,,,,,
410,"89578 : Meister, Ferdinand Otto, 1828-1915",,,,,,,,,
411,"84099 : Ihm, Max, 1863-1909",,,,,,,,,
412,"Häckermann, Adolf, 1819-",,,,,,,,,
413,"84094 : Hermann, Karl Friedrich, 1804-1855",,,,,,,,,
414,"84094 : Hermann, Karl Friedrich, 1804-1855",,,,,,,,,
415,"84094 : Hermann, Karl Friedrich, 1804-1855",,,,,,,,,
416,"84094 : Hermann, Karl Friedrich, 1804-1855",,,,,,,,,
417,"84094 : Hermann, Karl Friedrich, 1804-1855",,,,,,,,,
418,"84094 : Hermann, Karl Friedrich, 1804-1855",,,,,,,,,
419,"84094 : Hermann, Karl Friedrich, 1804-1855",,,,,,,,,
420,"84094 : Hermann, Karl Friedrich, 1804-1855",,,,,,,,,
421,"84094 : Hermann, Karl Friedrich, 1804-1855",,,,,,,,,
422,nan,,,,,,,,,
423,"89482 : Postgate, J.P. (John Percival), 1853-1926",,,,,,,,,
424,"89482 : Postgate, J.P. (John Percival), 1853-1926",,,,,,,,,
425,"89586 : Wachsmuth, Curt, 1837-1905"," Brandt, Paul, 1861-1932",,,,,,,,
426,"89586 : Wachsmuth, Curt, 1837-1905"," Brandt, Paul, 1861-1932",,,,,,,,
427,"89482: Postgate, J.P. (John Percival), 1853-1926",,,,,,,,,
428,nan,,,,,,,,,
429,"89482 : Postgate, J.P. (John Percival), 1853-1926",,,,,,,,,
430,"89482 : Postgate, J.P. (John Percival), 1853-1926",,,,,,,,,
431,"89576 : Köchly, Hermann, 1815-1876",,,,,,,,,
432,"Loewe, Gustav, 1852-1883"," 84089 : Goetz, Georg, 1849-1932",,,,,,,,
433,"89467 : Lindsay, W. M. (Wallace Martin), 1858-1937"," 84189 : Wessner, Paul, 1870-1933"," Heraeus, W. (Wilhelm), 1862-1938"," 89694 : Gundermann, Gotthold, 1856-1921"," Loewe, Gustav, 1852-1883"," 84089 : Goetz, Georg, 1849-1932",,,,
434,"Thulin, Carl, 1871-1921",,,,,,,,,
435,"89560 : Halm, Karl, 1809-1882",,,,,,,,,
436,"89560 : Halm, Karl, 1809-1882",,,,,,,,,
437,"89560 : Halm, Karl, 1809-1882",,,,,,,,,
438,nan,,,,,,,,,
439,"89560 : Halm, Karl, 1809-1882",,,,,,,,,
440,"Heraeus, W. (Wilhelm), 1862-1938"," Heraeus, Carl (Karl Jesaias), 1818-1891",,,,,,,,
441,"89560 : Halm, Karl, 1809-1882",,,,,,,,,
442,"89571 : Fleckeisen, Alfred, 1820-1899"," 89560 : Halm, Karl, 1809-1882",,,,,,,,
443,nan,,,,,,,,,
444,"89560 : Halm, Karl, 1809-1882",,,,,,,,,
445,nan,,,,,,,,,
446,"89560 : Halm, Karl, 1809-1882"," 89571 : Fleckeisen, Alfred, 1820-1899",,,,,,,,
447,nan,,,,,,,,,
448,"84053 : Dietsch, Heinrich Rudolf, 1814-1875",,,,,,,,,
449,"89560 : Halm, Karl, 1809-1882",,,,,,,,,
450,"89568 : Brinkmann, August, 1863-1923",,,,,,,,,
451,"Helmreich, Georg, 1849-1921",,,,,,,,,
452,"89605 : Knöll, Pius",,,,,,,,,
453,nan,,,,,,,,,
454,"84176 : Schöll, Fritz, 1850-1919"," 84089 : Goetz, Georg, 1849-1932",,,,,,,,
455,"84176 : Schöll, Fritz, 1850-1919"," 84089 : Goetz, Georg, 1849-1932",,,,,,,,
456,"84176 : Schöll, Fritz, 1850-1919"," 84089 : Goetz, Georg, 1849-1932",,,,,,,,
457,"89571 : Fleckeisen, Alfred, 1820-1899",,,,,,,,,
458,"89571 : Fleckeisen, Alfred, 1820-1899",,,,,,,,,
459,nan,,,,,,,,,
460,"84176 : Schöll, Fritz, 1850-1919"," 84089 : Goetz, Georg, 1849-1932",,,,,,,,
461,"84176 : Schöll, Fritz, 1850-1919"," 84089 : Goetz, Georg, 1849-1932",,,,,,,,
462,"84176 : Schöll, Fritz, 1850-1919"," 84089 : Goetz, Georg, 1849-1932",,,,,,,,
463,"89571 : Fleckeisen, Alfred, 1820-1899",,,,,,,,,
464,"Ramorino, F. (Felice), 1852-1929",,,,,,,,,
465,"89530 : Jahnke, Richard, 1868-1933",,,,,,,,,
466,"89571 : Fleckeisen, Alfred, 1820-1899",,,,,,,,,
467,"84138 : Ritschl, Friedrich Wilhelm, 1806-1876",,,,,,,,,
468,"89571 : Fleckeisen, Alfred, 1820-1899",,,,,,,,,
469,"89571 : Fleckeisen, Alfred, 1820-1899",,,,,,,,,
470,"84176 : Schöll, Fritz, 1850-1919"," 84089 : Goetz, Georg, 1849-1932",,,,,,,,
471,"84059 : Eussner, Adam, 1844-",,,,,,,,,
472,"84053 : Dietsch, Heinrich Rudolf, 1814-1875",,,,,,,,,
473,"84059 : Eussner, Adam, 1844-",,,,,,,,,
474,nan,,,,,,,,,
475,nan,,,,,,,,,
476,"84059 : Eussner, Adam, 1844-",,,,,,,,,
477,nan,,,,,,,,,
478,"89546 : Beck, J. W. (Jan Wibertus)",,,,,,,,,
479,nan,,,,,,,,,
480,"84121 : Mayhoff, Karl, 1841-1914"," 84101 : Jan, Ludwig von 1807-1869",,,,,,,,
481,nan,,,,,,,,,
482,nan,,,,,,,,,
483,"84101 : Jan, Ludwig von 1807-1869",,,,,,,,,
484,nan,,,,,,,,,
485,"84121 : Mayhoff, Karl, 1841-1914",,,,,,,,,
486,"84190: Wölfflin, Eduard von, 1831-1908"," Bernhard, Gustav Adolf",,,,,,,,
487,"84190 : Wölfflin, Eduard von, 1831-1908"," 84104 : Kübler, Bernhard, 1859-1940",,,,,,,,
488,"84121 : Mayhoff, Karl, 1841-1914"," 84101 : Jan, Ludwig von 1807-1869",,,,,,,,
489,"84121 : Mayhoff, Karl, 1841-1914"," 84101 : Jan, Ludwig von 1807-1869",,,,,,,,
490,"84108 : Keil, Heinrich, 1822-1894",,,,,,,,,
491,"84105 : Kukula, R. C. (Richard Cornelius), 1862-1919",,,,,,,,,
492,"84121 : Mayhoff, Karl, 1841-1914"," 84101 : Jan, Ludwig von 1807-1869",,,,,,,,
493,"84108 : Keil, Heinrich, 1822-1894",,,,,,,,,
494,nan,,,,,,,,,
495,"84092 : Hense, Otto, 1845-1931",,,,,,,,,
496,"84104 : Kübler, Bernhard, 1859-1940",,,,,,,,,
497,"84190 : Wölfflin, Eduard von, 1831-1908"," 84104 : Kübler, Bernhard, 1859-1940",,,,,,,,
498,"84054 : Dinter, Bernard",,,,,,,,,
499,"84054 : Dinter, Bernard",,,,,,,,,
500,"84125 : Miodoński, Adam Stefan, 1861-1913"," 84190 : Wölfflin, Eduard von, 1831-1908",,,,,,,,
501,START HERE,,,,,,,,,
502,"84053 : Dietsch, Heinrich Rudolf, 1814-1875"," 84046 : Baumgarten-Crusius, Detlev Carl Wilhelm, 1786-1845",,,,,,,,
503,nan,,,,,,,,,
504,"84143 : Rühl, Franz, 1845-1916",,,,,,,,,
505,"84190 : Wölfflin, Eduard von, 1831-1908",,,,,,,,,
506,"84048 : Blass, Friedrich, 1843-1907",,,,,,,,,
507,"84048 : Blass, Friedrich, 1843-1907"," 84181 : Süss, Wilhelm, 1882-1969",,,,,,,,
508,"84175 : Schneidewin, Friedrich Wilhelm, 1810-1856",,,,,,,,,
509,"84134 : Peiper, Rudolf, 1834-1898",,,,,,,,,
510,"84134 : Peiper, Rudolf, 1834-1898",,,,,,,,,
511,"84106 : Heidenhain, Friedrich Jakob, 1845-1912",,,,,,,,,
512,nan,,,,,,,,,
513,"84176 : Schöll, Fritz, 1850-1919"," 84089 : Goetz, Georg, 1849-1932",,,,,,,,
514,"84122 : Meineke, August, 1790-1870",,,,,,,,,
515,"84122 : Meineke, August, 1790-1870",,,,,,,,,
516,"84139 : Roemer, Adolph",,,,,,,,,
517,"84096 : Hoche, Richard Gottfried, 1834-1906",,,,,,,,,
518,"84096 : Hoche, Richard Gottfried, 1834-1906",,,,,,,,,
519,"84052 : Diels, Hermann, 1848-1922",,,,,,,,,
520,"84140 : Rose, Valentin, 1829-1916",,,,,,,,,
521,"84180 : Susemihl, Franz, 1826-1901",,,,,,,,,
522,"84050 : Christ, Wilhelm von, 1831-1906",,,,,,,,,
523,"84050 : Christ, Wilhelm von, 1831-1906",,,,,,,,,
524,"84050 : Christ, Wilhelm von, 1831-1906",,,,,,,,,
525,"84047 : Bergk, Theodor, 1812-1881",,,,,,,,,
526,"84047 : Bergk, Theodor, 1812-1881",,,,,,,,,
527,"84047 : Bergk, Theodor, 1812-1881",,,,,,,,,
528,"84115 : Langkavel, Bernhard August, 1825-1902",,,,,,,,,
529,nan,,,,,,,,,
530,"84180 : Susemihl, Franz, 1826-1901",,,,,,,,,
531,"84036 : Apelt, Otto, 1845-"," 84180 : Susemihl, Franz, 1826-1901",,,,,,,,
532,"84124 : Mendelssohn, Ludwig, 1852-1896"," 84188 : Wendland, Paul, 1864-1915",,,,,,,,
533,"84124 : Mendelssohn, Ludwig, 1852-1896"," 84188 : Wendland, Paul, 1864-1915",,,,,,,,
534,"89577 : Kramer, Otto, 1887-",,,,,,,,,
535,"84045 : Baehrens, Emil, 1848-1888",,,,,,,,,
536,"84090 : Heiberg, J. L. (Johan Ludvig), 1854-1928",,,,,,,,,
537,"84090 : Heiberg, J. L. (Johan Ludvig), 1854-1928",,,,,,,,,
538,"84091 : Helm, Rudolf Wilhelm Oskar, 1872-1966",,,,,,,,,
539,"84183 : Thomas, Paul, 1852-1937",,,,,,,,,
540,nan,,,,,,,,,
541,"84183 : Thomas, Paul, 1852-1937"," 84091 : Helm, Rudolf Wilhelm Oskar, 1872-1966",,,,,,,,
542,"84183 : Thomas, Paul, 1852-1937"," 84091 : Helm, Rudolf Wilhelm Oskar, 1872-1966",,,,,,,,
543,"84124 : Mendelssohn, Ludwig, 1852-1896",,,,,,,,,
544,"84124 : Mendelssohn, Ludwig, 1852-1896",,,,,,,,,
545,"84186 : Vollmer, Friedrich, 1867-1923"," 84088 : Giarratano, Caesar, 1880-",,,,,,,,
546,"84094 : Hermann, Karl Friedrich, 1804-1855",,,,,,,,,
547,"84051 : Clark, Charles Upson, 1875-1960",,,,,,,,,
548,nan,,,,,,,,,
549,"84100 : Jacoby, Carolus, 1849-1939",,,,,,,,,
550,"84100 : Jacoby, Carolus, 1849-1939",,,,,,,,,
551,"84117 : Lommatzsch, Ernst, 1871-1949"," 84049 : Buecheler, Franz, 1837-1908"," 84137 : Riese, Alexander, 1840-1922",,,,,,,
552,"84137 : Riese, Alexander, 1840-1922"," 84049 : Buecheler, Franz, 1837-1908",,,,,,,,
553,"84049 : Buecheler, Franz, 1837-1908"," 84137 : Riese, Alexander, 1840-1922",,,,,,,,
554,"84137 : Riese, Alexander, 1840-1922"," 84049 : Buecheler, Franz, 1837-1908",,,,,,,,
555,"84117 : Lommatzsch, Ernst, 1871-1949"," 84137 : Riese, Alexander, 1840-1922"," 84049 : Buecheler, Franz, 1837-1908",,,,,,,
556,"84140 : Rose, Valentin, 1829-1916",,,,,,,,,
557,"84179 : Stegmann, Carl",,,,,,,,,
558,"84103 : Kiessling, Adolf, 1837-1892",,,,,,,,,
559,"84086 : Friedlein, Gottfried, 1828-1875",,,,,,,,,
560,"84123 : Meiser, Karl, 1843-1912",,,,,,,,,
561,"84123 : Meiser, Karl, 1843-1912",,,,,,,,,
562,nan,,,,,,,,,
563,"84087 : Gardthausen, V. (Victor), 1843-1928",,,,,,,,,
564,"84087 : Gardthausen, V. (Victor), 1843-1928",,,,,,,,,
565,"84051 : Clark, Charles Upson, 1875-1960",,,,,,,,,
566,"84127 : Müller, Lucian, 1836-1898",,,,,,,,,
567,"84127 : Müller, Lucian, 1836-1898",,,,,,,,,
568,"84141 : Rossbach, August, 1823-1898",,,,,,,,,
569,nan,,,,,,,,,
570,"84127 : Müller, Lucian, 1836-1898",,,,,,,,,
571,"89589 : Ziegler, Konrat, 1884-1974"," 89582 : Skutsch, Franz, 1865-1912"," Kroll, Wilhelm",,,,,,,
572,"Hertlein, Friedrich Karl Gottlob",,,,,,,,,
573,"84104 : Kübler, Bernhard, 1859-1940", Pseudo-Callisthenes,,,,,,,,
574,"89560 : Halm, Karl, 1809-1882",,,,,,,,,
575,"89589 : Ziegler, Konrat, 1884-1974",,,,,,,,,
576,"Scheibe, Karl Friedrich, 1812-1869",,,,,,,,,
577,nan,,,,,,,,,
578,"89689 : Webb, Clement Charles Julian, 1865-1954",,,,,,,,,
579,"Egenolff, Peter, 1851-1901",,,,,,,,,
580,"89701 : Wunsch, Richard, 1869-1911",,,,,,,,,
581,"Canabutzes, Joannes"," 89672 : Lehnerdt, Maximilian 1861-1945?",,,,,,,,
582,"Rabe, Hugo",,,,,,,,,
583,"89697 : Madvig, J. N. (Johan Nikolai), 1804-1886",,,,,,,,,
584,"Gneist, Rudolph, 1816-1895.",,,,,,,,,
585,"Gneist, Rudolph, 1816-1895",,,,,,,,,
586,"89691 : Bonnell, Eduard, 1802-1877",,,,,,,,,
587,"89691 : Bonnell, Eduard, 1802-1877",,,,,,,,,
588,"89691 : Bonnell, Eduard, 1802-1877",,,,,,,,,
589,"84191 : Zachariä von Lingenthal, Karl Eduard, 1812-1894",,,,,,,,,
590,"89603 : Huschke, Ph. Eduard (Philipp Eduard), 1801-1886",,,,,,,,,
591,"89603 : Huschke, Ph. Eduard (Philipp Eduard), 1801-1886",,,,,,,,,
592,"Cumont, Franz, 1868-1947"," Bidez, Joseph, 1867-1945",,,,,,,,
593,"89690 : Gemoll, Wilhelm, 1850-1934",,,,,,,,,
594,"89700 : Strecker, Karl, 1861-1945",,,,,,,,,
595,"89672 : Lehnerdt, Maximilian 1861-1945?",,,,,,,,,
596,"Peter, Hermann, 1837-1914",,,,,,,,,
597,"Vogel, Theodor, 1836-1912",,,,,,,,,
598,"Vogel, Theodor, 1836-1912",,,,,,,,,
599,nan,,,,,,,,,
600,"Bekker, Immanuel, 1785-1871",,,,,,,,,
601,"Kaiser, Paul, 1852-1917",,,,,,,,,
602,"Herding, Wilhelm",,,,,,,,,
603,"Herding, Wilhelm",,,,,,,,,
604,"89603: Huschke, Ph. Eduard (Philipp Eduard), 1801-1886",,,,,,,,,
605,"Herding, Wilhelm",,,,,,,,,
606,"89672 : Lehnerdt, Maximilian 1861-1945?",,,,,,,,,
607,"89682 : Lohmeyer, Carl Friedrich Wilhelm, 1868-",,,,,,,,,
608,"89682 : Lohmeyer, Carl Friedrich Wilhelm, 1868-",,,,,,,,,
609,nan,,,,,,,,,
610,"89593 : Flemisch, Michael, 1873-",,,,,,,,,
611,"89593 : Flemisch, Michael, 1873-",,,,,,,,,
612,"84108 : Keil, Heinrich, 1822-1894"," Hagen, Hermann, 1844-1898",,,,,,,,
613,"89680 : Funaioli, Gino, 1878-1958",,,,,,,,,
614,"89680 : Funaioli, Gino, 1878-1958",,,,,,,,,
615,"Álvares, Manuel, 1526-1583",,,,,,,,,
616,"Breysig, Alfred August Bernhard, 1831-1902",,,,,,,,,
617,"89560 : Halm, Karl, 1809-1882",,,,,,,,,
618,"89560 : Halm, Karl, 1809-1882"," Andresen, Georg, 1845-",,,,,,,,
619,"89678 : Bubnov, Nikolaĭ, 1858",,,,,,,,,
620,"89596 : Gelzer, Heinrich, 1847-1906",,,,,,,,,
621,"89603 : Huschke, Ph. Eduard (Philipp Eduard), 1801-1886",,,,,,,,,
622,"89603 : Huschke, Ph. Eduard (Philipp Eduard), 1801-1886",,,,,,,,,
623,"84104 : Kübler, Bernhard, 1859-1940"," 89616 : Seckel, Emil, 1864-1924"," 89603 : Huschke, Ph. Eduard (Philipp Eduard), 1801-1886",,,,,,,
624,"89603 : Huschke, Ph. Eduard (Philipp Eduard), 1801-1886"," 84104 : Kübler, Bernhard, 1859-1940"," 89616 : Seckel, Emil, 1864-1924",,,,,,,
625,"Krueger, Paul, 1840-1926",,,,,,,,,
626,"89607 : Lang, Carl, 1841-",,,,,,,,,
627,"89601 : Holder, Alfred, 1840-1916",,,,,,,,,
628,"89684: Merkel, Rudolf, 1811-1885",,,,,,,,,
629,"89560 : Halm, Karl, 1809-1882",,,,,,,,,
630,"89675: Schullian, Dorothy M. (Dorothy May), 1906-1989"," 84102 : Kempf, Carolus, 1819-1894",,,,,,,,
631,"84053 : Dietsch, Heinrich Rudolf, 1814-1875"," 89602 : Hultsch, Fridericus (Friedrich Otto), 1833-1906",,,,,,,,
632,"84053 : Dietsch, Heinrich Rudolf, 1814-1875"," 84046 : Baumgarten-Crusius, Detlev Carl Wilhelm, 1786-1845",,,,,,,,
633,"84053 : Dietsch, Heinrich Rudolf, 1814-1875"," 84046 : Baumgarten-Crusius, Detlev Carl Wilhelm, 1786-1845",,,,,,,,
634,"84143 : Rühl, Franz, 1845-1916",,,,,,,,,
635,"89607 : Lang, Carl, 1841-",,,,,,,,,
636,"89591 : Carter, Jesse Benedict, 1872-1917",,,,,,,,,
637,"89679 : Fickelscherer, Martin",,,,,,,,,
638,"89609 : Novati, Francesco, 1859-1915",,,,,,,,,
639,"84053 : Dietsch, Heinrich Rudolf, 1814-1875",,,,,,,,,
640,"84175 : Schneidewin, Friedrich Wilhelm, 1810-1856",,,,,,,,,
641,"89578 : Meister, Ferdinand Otto, 1828-1915",,,,,,,,,
642,nan,,,,,,,,,
643,nan,,,,,,,,,
644,"84127 : Müller, Lucian, 1836-1898",,,,,,,,,
645,"84140 : Rose, Valentin, 1829-1916",,,,,,,,,
646,nan,,,,,,,,,
647,nan,,,,,,,,,
648,"89603 : Huschke, Ph. Eduard (Philipp Eduard), 1801-1886",,,,,,,,,
649,"89603 : Huschke, Ph. Eduard (Philipp Eduard), 1801-1886",,,,,,,,,
650,nan,,,,,,,,,
651,nan,,,,,,,,,
652,"84117 : Lommatzsch, Ernst, 1871-1949",,,,,,,,,
653,"89687 : Wohlrab, Martin, 1834-1913"," 84094 : Hermann, Karl Friedrich, 1804-1855",,,,,,,,
654,nan,,,,,,,,,
655,nan,,,,,,,,,
656,"89615 : Schubart, Johann Heinrich Christian, 1800-1885",,,,,,,,,
657,"89685 : Nauck, C. W. (Carl Wilhelm), 1813-"," Krüger, G. T. A. (Georg Theodor August), 1793-1873",,,,,,,,
658,nan,,,,,,,,,
659,"84134 : Peiper, Rudolf, 1834-1898",,,,,,,,,
660,"89467 : Lindsay, W. M. (Wallace Martin), 1858-1937"," 89677 : Thewrewk, Emil, Ponori, 1838-1917",,,,,,,,
661,nan,,,,,,,,,
662,nan,,,,,,,,,
663,nan,,,,,,,,,
664,nan,,,,,,,,,
665,"84127 : Müller, Lucian, 1836-1898",,,,,,,,,
666,nan,,,,,,,,,
667,nan,,,,,,,,,
668,nan,,,,,,,,,
669,nan,,,,,,,,,
670,nan,,,,,,,,,
671,"Wesenberg, Albert Sadolin, 1804-1876",,,,,,,,,
672,"Schenkl, Heinrich, 1859-1919",,,,,,,,,
673,"Schenkl, Heinrich, 1859-1919",,,,,,,,,
674,"Helmreich, Georg, 1849-1921",,,,,,,,,
675,"Helmreich, Georg, 1849-1921",,,,,,,,,
676,"Eyssenhardt, Franz, 1838-1901",,,,,,,,,
677,"Gilbert, Walther, 1851-",,,,,,,,,
678,"89461 : Haase, Friedrich, 1808-1867",,,,,,,,,
679,"89461 : Haase, Friedrich, 1808-1867",,,,,,,,,
680,"89461 : Haase, Friedrich, 1808-1867",,,,,,,,,
681,"89461 : Haase, Friedrich, 1808-1867",,,,,,,,,
682,nan,,,,,,,,,
683,"Gilbert, Walther, 1851-",,,,,,,,,
684,"Gilbert, Walther, 1851-",,,,,,,,,
685,"Gilbert, Walther, 1851-",,,,,,,,,
686,"Gilbert, Walther, 1851-",,,,,,,,,
687,"84175 : Schneidewin, Friedrich Wilhelm, 1810-1856",,,,,,,,,
688,"84175 : Schneidewin, Friedrich Wilhelm, 1810-1856",,,,,,,,,
689,"84175 : Schneidewin, Friedrich Wilhelm, 1810-1856",,,,,,,,,
690,"Gast, Ernst-Reinhard 1842-1904",,,,,,,,,
691,"Davies, John, 1679-1732"," Moser, Georg Heinrich, 1780-1858",,,,,,,,
692,"89608 : Müller, C. F. W. (Carl Friedrich Wilhelm), 1830-1903",,,,,,,,,
693,"89608 : Müller, C. F. W. (Carl Friedrich Wilhelm), 1830-1903",,,,,,,,,
694,"89575 : Klotz, Reinhold, 1807-1870",,,,,,,,,
695,"89608 : Müller, C. F. W. (Carl Friedrich Wilhelm), 1830-1903",,,,,,,,,
696,"La Sale, Antoine de, 1385?-1461?"," Knoellinger, Hermann, 1883-1914"," Friedrich, Wilhelm"," 89608 : Müller, C. F. W. (Carl Friedrich Wilhelm), 1830-1903",,,,,,
697,"89608 : Müller, C. F. W. (Carl Friedrich Wilhelm), 1830-1903",,,,,,,,,
698,"Wesenberg, Albert Sadolin, 1804-1876"," 89575 : Klotz, Reinhold, 1807-1870",,,,,,,,
699,"89699 : Rossbach, Otto, 1858-1931",,,,,,,,,
700,"Frey, Joseph, 1834-1910",,,,,,,,,
701,"84128 : Müller, Moritz, 1854-"," 84187 : Weissenborn, Wilhelm, 1803-1878",,,,,,,,
702,"84095 : Hertz, Martin",,,,,,,,,
703,"84128 : Müller, Moritz, 1854-"," 84187 : Weissenborn, Wilhelm, 1803-1878",,,,,,,,
704,"Chatelain, Émile, 1851-1933",,,,,,,,,
705,"84128 : Müller, Moritz, 1854-"," 84187 : Weissenborn, Wilhelm, 1803-1878",,,,,,,,
706,"84128 : Müller, Moritz, 1854-"," 84187 : Weissenborn, Wilhelm, 1803-1878",,,,,,,,
707,nan,,,,,,,,,
708,"84128 : Müller, Moritz, 1854-"," 84187 : Weissenborn, Wilhelm, 1803-1878",,,,,,,,
709,"84128 : Müller, Moritz, 1854-"," 84187 : Weissenborn, Wilhelm, 1803-1878",,,,,,,,
710,"84128 : Müller, Moritz, 1854-"," 84187 : Weissenborn, Wilhelm, 1803-1878",,,,,,,,
711,"84095 : Hertz, Martin",,,,,,,,,
712,"84128 : Müller, Moritz, 1854-"," 84187 : Weissenborn, Wilhelm, 1803-1878",,,,,,,,
713,"84128 : Müller, Moritz, 1854-"," 84187 : Weissenborn, Wilhelm, 1803-1878",,,,,,,,
714,"Heraeus, W. (Wilhelm), 1862-1938"," 84128 : Müller, Moritz, 1854-"," 84187 : Weissenborn, Wilhelm, 1803-1878",,,,,,,
715,"84128 : Müller, Moritz, 1854-"," 84187 : Weissenborn, Wilhelm, 1803-1878",,,,,,,,
716,"84187 : Weissenborn, Wilhelm, 1803-1878",,,,,,,,,
717,"84187 : Weissenborn, Wilhelm, 1803-1878",,,,,,,,,
718,"84187 : Weissenborn, Wilhelm, 1803-1878",,,,,,,,,
719,"84128 : Müller, Moritz, 1854-",,,,,,,,,
720,"84127 : Müller, Lucian, 1836-1898",,,,,,,,,
721,"Brummer, Jacob"," Georges, Heinrich, 1852-1921",,,,,,,,
722,"89697 : Madvig, J. N. (Johan Nikolai), 1804-1886",,,,,,,,,
723,"Weil, Henri, 1818-1909",,,,,,,,,
724,"Weil, Henri, 1818-1909",,,,,,,,,
725,"Nauck, August, 1822-1892",,,,,,,,,
726,"Mekler, S. (Siegfried), 1852-1912"," Dindorf, Wilhelm, 1802-1883",,,,,,,,
727,"89698 : Richter, Gustav, 1838-1904"," 84134 : Peiper, Rudolf, 1834-1898",,,,,,,,
728,"89698 : Richter, Gustav, 1838-1904"," 84134 : Peiper, Rudolf, 1834-1898",,,,,,,,
729,"84107 : Jeep, Justus Wilhelm Linde, 1799-1884",,,,,,,,,
730,"Merzdorf, J. F. L. Theodor (Johann Friedrich Ludwig Theodor), 1812-1877",,,,,,,,,
731,"Merzdorf, J. F. L. Theodor (Johann Friedrich Ludwig Theodor), 1812-1877",,,,,,,,,
732,"89608 : Müller, C. F. W. (Carl Friedrich Wilhelm), 1830-1903",,,,,,,,,
733,"89560 : Halm, Karl, 1809-1882",,,,,,,,,
734,"84102 : Kempf, Carolus, 1819-1894",,,,,,,,,
735,"84102 : Kempf, Carolus, 1819-1894",,,,,,,,,
736,"84141 : Rossbach, August, 1823-1898",,,,,,,,,
737,"Weber, Ernestus"," Thederingus, Hermann"," Gruterus, Janus, 1560-1627"," Melissus, Paulus, 1539-1602"," 71395 : Hessus, Helius Eobanus, 1488-1540"," Meurer, Wolfgang, 1513-1585",,,,
738,"Künstle, Karl, 1859-1932",,,,,,,,,
739,"89560 : Halm, Karl, 1809-1882",,,,,,,,,
740,"Brummer, Jacob",,,,,,,,,
741,nan,,,,,,,,,
742,"84140 : Rose, Valentin, 1829-1916",,,,,,,,,
743,nan,,,,,,,,,
744,"Baehrens, W. A. (Willem Adolf), 1885-1929"," 84045 : Baehrens, Emil, 1848-1888",,,,,,,,
745,"84045 : Baehrens, Emil, 1848-1888",,,,,,,,,
746,nan,,,,,,,,,
747,nan,,,,,,,,,
748,nan,,,,,,,,,
749,nan,,,,,,,,,
750,"Klotz, Alfred, 1874-1956",,,,,,,,,
751,"89571 : Fleckeisen, Alfred, 1820-1899",,,,,,,,,
752,"89467 : Lindsay, W. M. (Wallace Martin), 1858-1937",,,,,,,,,
753,"84176 : Schöll, Fritz, 1850-1919"," 84089 : Goetz, Georg, 1849-1932",,,,,,,,
754,"89467 : Lindsay, W. M. (Wallace Martin), 1858-1937",,,,,,,,,
755,"84176 : Schöll, Fritz, 1850-1919"," 84089 : Goetz, Georg, 1849-1932",,,,,,,,
756,"84138 : Ritschl, Friedrich Wilhelm, 1806-1876"," 89571 : Fleckeisen, Alfred, 1820-1899",,,,,,,,
757,"89467 : Lindsay, W. M. (Wallace Martin), 1858-1937",,,,,,,,,
758,"91713 : Ribbeck, Otto, 1827-1898",,,,,,,,,
759,"84176 : Schöll, Fritz, 1850-1919"," 84089 : Goetz, Georg, 1849-1932",,,,,,,,
760,"84176 : Schöll, Fritz, 1850-1919"," 84089 : Goetz, Georg, 1849-1932",,,,,,,,
761,"84138 : Ritschl, Friedrich Wilhelm, 1806-1876",,,,,,,,,
762,"89467 : Lindsay, W. M. (Wallace Martin), 1858-1937",,,,,,,,,
763,"84089 : Goetz, Georg, 1849-1932"," 84176 : Schöll, Fritz, 1850-1919",,,,,,,,
764,"89467 : Lindsay, W. M. (Wallace Martin), 1858-1937",,,,,,,,,
765,"89467 : Lindsay, W. M. (Wallace Martin), 1858-1937",,,,,,,,,
766,"84176 : Schöll, Fritz, 1850-1919"," 84089 : Goetz, Georg, 1849-1932",,,,,,,,
767,"89571 : Fleckeisen, Alfred, 1820-1899",,,,,,,,,
768,"Giussani, Carlo, 1840-1900",,,,,,,,,
769,"Brieger, Adolf, 1832-1912",,,,,,,,,
770,"Brieger, Adolf, 1832-1912",,,,,,,,,
771,"Klotz, Alfred, 1874-1956",,,,,,,,,
772,"89608 : Müller, C. F. W. (Carl Friedrich Wilhelm), 1830-1903",,,,,,,,,
773,"Friedrich, Wilhelm"," 89608 : Müller, C. F. W. (Carl Friedrich Wilhelm), 1830-1903",,,,,,,,
774,"Friedrich, Wilhelm"," 89608 : Müller, C. F. W. (Carl Friedrich Wilhelm), 1830-1903",,,,,,,,
775,"45498 : Vallauri, Tommaso",,,,,,,,,
776,"Peter, Hermann, 1837-1914",,,,,,,,,
777,"Hohl, Ernst, 1886-1957",,,,,,,,,
778,"Peter, Hermann, 1837-1914",,,,,,,,,
779,"Foerster, Richard, 1843-1922",,,,,,,,,
780,"84090 : Heiberg, J. L. (Johan Ludvig), 1854-1928",,,,,,,,,
781,"84090 : Heiberg, J. L. (Johan Ludvig), 1854-1928",,,,,,,,,
782,"Dederich, Andreas, 1804-1886",,,,,,,,,
783,"84097 : Hosius, Carl, 1866-1937",,,,,,,,,
784,"Manitius, Max, 1858-1933",,,,,,,,,
785,"Pichlmayr, Franz",,,,,,,,,
786,"89467 : Lindsay, W. M. (Wallace Martin), 1858-1937"," 89677 : Thewrewk, Emil, Ponori, 1838-1917",,,,,,,,
787,"Bauer, Ludwig, active 1883-1892",,,,,,,,,
788,"84045 : Baehrens, Emil, 1848-1888",,,,,,,,,
789,"84186 : Vollmer, Friedrich, 1867-1923",,,,,,,,,
790,"Deycks, Ferdinand, 1802-1867",,,,,,,,,
791,"89694 : Gundermann, Gotthold, 1856-1921",,,,,,,,,
792,"89694 : Gundermann, Gotthold, 1856-1921",,,,,,,,,
793,"Vollgraff, J.C. (Johann Christoph), 1848-1920",,,,,,,,,
794,"Knoellinger, Hermann, 1883-1914",,,,,,,,,
795,"Bernays, Jacob, 1824-1881.",,,,,,,,,
796,"Bernays, Jacob, 1824-1881",,,,,,,,,
797,"Bernays, Jacob, 1824-1881",,,,,,,,,
798,"Brieger, Adolf, 1832-1912",,,,,,,,,
799,"84048 : Blass, Friedrich, 1843-1907",,,,,,,,,
800,"89608 : Müller, C. F. W. (Carl Friedrich Wilhelm), 1830-1903",,,,,,,,,
801,"89608 : Müller, C. F. W. (Carl Friedrich Wilhelm), 1830-1903",,,,,,,,,
802,nan,,,,,,,,,
803,"Klotz, Alfred, 1874-1956",,,,,,,,,
804,"84103 : Kiessling, Adolf, 1837-1892",,,,,,,,,
805,"Scheibe, Karl Friedrich, 1812-1869",,,,,,,,,
806,"84048 : Blass, Friedrich, 1843-1907"," Dindorf, Wilhelm, 1802-1883",,,,,,,,
807,"Hofmeister, Adolf, 1883-1956",,,,,,,,,
808,"Owen, S. G. (Sidney George), 1858-1940",,,,,,,,,
809,"89684 : Merkel, Rudolf, 1811-1885",,,,,,,,,
810,"Siebelis, Johannes, 1817-1867"," Polle, Friedrich, 1830-1902",,,,,,,,
811,"89684 : Merkel, Rudolf, 1811-1885",,,,,,,,,
812,"84048 : Blass, Friedrich, 1843-1907",,,,,,,,,
813,"89608 : Müller, C. F. W. (Carl Friedrich Wilhelm), 1830-1903",,,,,,,,,
814,"89608 : Müller, C. F. W. (Carl Friedrich Wilhelm), 1830-1903",,,,,,,,,
815,"89608 : Müller, C. F. W. (Carl Friedrich Wilhelm), 1830-1903",,,,,,,,,
816,"84048 : Blass, Friedrich, 1843-1907",,,,,,,,,
817,"84048 : Blass, Friedrich, 1843-1907",,,,,,,,,
818,"Scheibe, Karl Friedrich, 1812-1869",,,,,,,,,
819,"Scheibe, Karl Friedrich, 1812-1869",,,,,,,,,
820,"Scheibe, Karl Friedrich, 1812-1869",,,,,,,,,
821,"Clark, Albert Curtis, 1859-1937",,,,,,,,,
822,"Scheibe, Karl Friedrich, 1812-1869",,,,,,,,,
823,"84048 : Blass, Friedrich, 1843-1907",,,,,,,,,
824,"84048 : Blass, Friedrich, 1843-1907",,,,,,,,,
825,"Peterson, William, 1856-1921"," Clark, Albert Curtis, 1859-1937",,,,,,,,
826,"84048 : Blass, Friedrich, 1843-1907"," Benseler, Gustav Eduard, 1806-1868",,,,,,,,
827,"Dindorf, Wilhelm, 1802-1883"," 84048 : Blass, Friedrich, 1843-1907",,,,,,,,
828,"Dindorf, Wilhelm, 1802-1883",,,,,,,,,
829,"Peterson, William, 1856-1921"," Clark, Albert Curtis, 1859-1937",,,,,,,,
830,"89524 : Boor, Carl de 1848-1923",,,,,,,,,
831,"Schömann, Georg Friedrich, 1793-1879",,,,,,,,,
832,"Radermacher, Ludwig, 1867-1952"," Usener, Hermann, 1834-1905",,,,,,,,
833,"84174 : Schmitt, Johann Christoph",,,,,,,,,
834,"Klotz, Alfred, 1874-1956"," 89530 : Jahnke, Richard, 1868-1933",,,,,,,,
835,"Jacobitz, Karl",,,,,,,,,
836,"Jacobitz, Karl",,,,,,,,,
837,"91713 : Ribbeck, Otto, 1827-1898",,,,,,,,,
838,"89601 : Holder, Alfred, 1840-1916"," Keller, Otto, 1838-1927",,,,,,,,
839,"89459 : Gercke, Alfred, 1860-1922"," 89460 : Hermes, Emil, 1847-1911"," 89461 : Haase, Friedrich, 1808-1867"," 84092 : Hense, Otto, 1845-1931"," 84097 : Hosius, Carl, 1866-1937",,,,,
840,nan,,,,,,,,,
841,nan,,,,,,,,,
842,"89560 : Halm, Karl, 1809-1882",,,,,,,,,
843,nan,,,,,,,,,
844,"89461 : Haase, Friedrich, 1808-1867",,,,,,,,,
845,"84183 : Thomas, Paul, 1852-1937"," 89562 : Helm, Rudolf, 1874-1964",,,,,,,,
846,"89461 : Haase, Friedrich, 1808-1867",,,,,,,,,
847,"84090 : Heiberg, J. L. (Johan Ludvig), 1854-1928",,,,,,,,,
848,"Jahn, Johann Christian",,,,,,,,,
849,"Huemer, Johann, 1849-1915",,,,,,,,,
850,"91713 : Ribbeck, Otto, 1827-1898",,,,,,,,,
851,"84122 : Meineke, August, 1790-1870",,,,,,,,,
852,"Swoboda, Antonius, 1865-1928",,,,,,,,,
853,"Harster, Wilhelm, 1846-1901",,,,,,,,,
854,"Harster, Wilhelm, 1846-1901",,,,,,,,,
855,"Onions, John Henry, 1852-1889"," 89467 : Lindsay, W. M. (Wallace Martin), 1858-1937",,,,,,,,
856,"Onions, John Henry, 1852-1889"," 89467 : Lindsay, W. M. (Wallace Martin), 1858-1937",,,,,,,,
857,"84121 : Mayhoff, Karl, 1841-1914"," 84101 : Jan, Ludwig von 1807-1869",,,,,,,,
858,"Jacobitz, Karl",,,,,,,,,
859,"91713 : Ribbeck, Otto, 1827-1898",,,,,,,,,
860,"84090 : Heiberg, J. L. (Johan Ludvig), 1854-1928",,,,,,,,,
861,"Curtze, E. L. W. M. (Ernst Ludwig Wilhelm Maximilian), 1837-1903"," Menge, Heinrich"," 84090 : Heiberg, J. L. (Johan Ludvig), 1854-1928",,,,,,,
862,"84121 : Mayhoff, Karl, 1841-1914",,,,,,,,,
863,"84101 : Jan, Ludwig von 1807-1869"," 84121 : Mayhoff, Karl, 1841-1914",,,,,,,,
864,"89602 : Hultsch, Fridericus (Friedrich Otto), 1833-1906",,,,,,,,,
865,"Magnus, Hugo, 1851-1924",,,,,,,,,
866,"Magnus, Hugo, 1851-1924",,,,,,,,,
867,"Eyssenhardt, Franz, 1838-1901",,,,,,,,,
868,"Eyssenhardt, Franz, 1838-1901",,,,,,,,,
869,"Jahn, Johann Christian",,,,,,,,,
870,"Friedrich, Wilhelm"," 89608 : Müller, C. F. W. (Carl Friedrich Wilhelm), 1830-1903",,,,,,,,
